,dimensionality,sparsity,silhouette_score,avg_similarity
bow,14050,0.9971804443318463,1561255.0961636133,0.09039313137910242
tfidf,14050,0.9971804443318463,9271.54725249576,0.03953881588665893
word2vec,100,0.0,61155.9375,0.5727534890174866
